RA,DEC,PMRA,PMRA Error,PMDEC,PMDEC Error,Parallax,Parallax Error,Name,Spec,J-mag,J-mag Error,H-mag,H-mag Error,K-mag,K-mag Error
0.3019425208930995,15.593338632848468,132.5,2.2,-180.3,1.9,27.2,3.5,SDSS J000112.18+153535.5  ,L3.7 (INT-G),15.522,0.062,14.505,0.053,13.71,0.044
1.1278655632363277,-26.066531825529843,-0.9,4.3,-243.7,3.8,33.1,4.7,PSO J001.1277-26.0675     ,T4          ,16.487,0.133,15.587,0.129,15.523,
3.3424881528400046,-11.716725333374487,213.7,3.3,-26.7,3.1,40.3,3.1,PSO J003.3437-11.7168     ,T4          ,16.349,0.095,15.682,0.109,15.69,0.216
3.937170154317886,35.267520883002504,47.2,2.8,-257.8,2.7,65.7,3.5,2MASSW J0015447+351603    ,L1.0        ,13.878,0.031,12.892,0.036,12.264,0.024
5.630826579055906,-6.866943161808851,-106.7,2.3,-7.2,2.3,30.6,3.0,PSO J005.6302-06.8669     ,T3          ,16.239,0.086,15.575,0.107,15.097,0.138
7.919320725618953,33.596149155203776,-17.3,2.3,-19.2,1.9,45.4,3.8,PSO J007.9194+33.5961     ,L9          ,16.453,0.127,15.428,0.12,14.49,0.079
10.103498467902883,9.015448443781834,-53.7,2.8,-62.3,2.3,71.3,2.7,WISE J004024.88+090054.8  ,T7          ,16.502,0.123,16.536,0.268,15.738,
11.701511711911717,7.254995413258747,87.4,2.5,-58.8,2.5,24.5,2.5,2MASS J00464841+0715177   ,L0.9 (VL-G) ,13.885,0.028,13.178,0.035,12.546,0.026
12.599795299361249,-15.638447508283535,-224.1,2.7,-492.2,3.7,37.3,2.3,SIPS J0050-1538           ,L0.5        ,13.779,0.023,13.077,0.026,12.647,0.027
12.795613133955035,-15.737913983279526,55.0,3.7,-47.6,4.2,27.6,3.1,2MASSW J0051107-154417    ,L5:         ,15.277,0.05,14.164,0.048,13.466,0.039
19.799367793320517,24.058821450290424,264.6,1.5,5.5,1.6,28.9,2.9,SDSS J011912.22+240331.6  ,T2          ,17.017,0.185,15.953,0.155,17.042,
22.82705259889316,38.032079091805954,374.1,3.3,-30.3,3.3,39.1,4.3,2MASS J01311838+3801554   ,L1.5        ,14.679,0.034,13.696,0.034,13.054,0.034
23.899520187913414,12.089595275545506,-43.7,3.0,-445.9,2.3,40.7,2.3,2MASSW J0135358+120522    ,L0.6        ,14.412,0.032,13.527,0.032,12.918,0.029
24.436768272746363,9.13665447506538,-49.2,2.8,-145.1,2.4,25.7,4.5,PSO J024.4369+09.1360     ,T3.5        ,16.515,0.136,16.182,0.246,16.111,
24.653209989689763,-3.371630379340689,112.1,2.7,-307.8,3.2,43.9,2.9,WISEPC J013836.59-032221.2,T3          ,16.389,0.096,15.801,0.147,15.198,0.129
25.4535453136287,-16.022083897487303,198.2,3.5,55.5,5.5,28.8,5.8,2MASS J01414839-1601196   ,L7:         ,16.209,0.091,15.161,0.065,14.344,0.068
26.14615866373081,-7.270518247816141,372.3,4.2,-200.5,4.6,81.7,3.7,2MASS J01443536-0716142   ,L5          ,14.191,0.026,13.008,0.029,12.268,0.023
27.541619907899722,38.457214720624606,878.2,2.1,-125.1,2.1,39.8,4.6,WISEPA J015010.86+382724.3,T0          ,16.111,0.077,15.018,0.08,14.477,0.071
31.264400156574126,12.861811751509569,364.6,2.4,-29.5,2.7,42.5,3.0,2MASSW J0205034+125142    ,L5.5        ,15.679,0.056,14.449,0.047,13.671,0.036
31.567641992204162,20.910121656802417,235.0,1.9,-95.2,1.3,37.0,2.2,PSO J031.5651+20.9097     ,T5.5        ,16.204,0.085,15.624,0.098,15.043,0.122
32.07640549713531,25.71485536389655,374.2,3.3,-36.4,3.9,45.5,5.7,2MASSW J0208183+254253    ,            ,13.989,0.026,13.107,0.03,12.588,0.027
32.10080458051363,27.62781801965962,205.2,2.9,-115.9,2.8,21.3,2.7,2MASSW J0208236+273740    ,L5          ,15.714,0.061,14.56,0.06,13.872,0.051
33.37011605615113,44.74599029083064,-61.8,2.5,-148.8,2.9,54.3,2.6,2MASSI J0213288+444445    ,            ,13.494,0.025,12.757,0.024,12.213,0.023
37.045936367541714,25.62729107101582,242.3,2.8,-33.1,3.2,28.7,2.7,2MASSW J0228110+253738    ,L0          ,13.839,0.027,12.993,0.024,12.471,0.025
38.32608225149429,30.508605367752523,-132.0,1.8,-29.9,1.6,28.2,2.6,WISE J023318.05+303030.5  ,T6          ,16.852,0.144,17.182,,17.042,
41.54339366309361,1.9459454161333813,47.6,2.0,-76.8,1.6,33.2,2.4,PSO J041.5426+01.9456     ,L8.5        ,16.876,,15.874,0.163,15.014,0.131
49.061620281281186,38.33657120170575,-93.8,2.3,-307.9,2.2,34.1,3.3,WISE J031614.68+382008.0  ,T3          ,16.059,0.086,15.44,0.106,15.265,0.145
52.273105008871774,13.375550731520978,273.0,2.0,-20.7,2.0,44.3,3.0,PSO J052.2746+13.3754     ,T3.5        ,16.479,0.108,15.837,0.123,15.606,0.275
52.72052740830384,-3.8411087129577552,-141.0,2.4,64.0,2.7,57.1,3.5,PSO J052.7214-03.8409     ,L9:         ,16.466,0.1,15.158,0.076,14.715,0.09
54.21696231170402,28.441959747457254,106.9,1.8,-177.1,2.2,28.8,3.4,WISE J033651.90+282628.8  ,T5          ,16.543,0.122,16.528,0.27,15.771,0.235
54.264570406677514,-17.968721639615165,200.2,4.1,93.8,4.7,30.7,4.8,2MASSW J0337036-175807    ,L4.3 (FLD-G),15.621,0.058,14.412,0.05,13.581,0.041
61.07480317942391,41.46119223815048,-55.9,3.3,-398.2,3.8,59.4,4.2,WISE J040418.01+412735.6  ,L2pec       ,14.146,0.031,13.098,0.031,12.42,0.024
61.78869666599988,15.249208129798065,211.8,2.4,-127.5,2.0,55.4,2.7,2MASS J04070885+1514565   ,T5          ,16.055,0.092,16.017,0.209,15.922,0.261
62.12339171439908,-14.84258516511754,202.8,2.8,-114.4,2.7,48.9,4.7,2MASSI J0408290-145033    ,L4.5        ,14.222,0.03,13.337,0.03,12.817,0.023
71.87682460016289,-12.270884435460362,-6.3,2.6,-99.1,2.3,23.0,3.9,PSO J071.8769-12.2713     ,T2:         ,16.478,0.114,15.989,0.171,15.553,0.217
71.92942315599848,-19.601254004074743,87.4,4.2,85.3,4.2,20.7,5.0,2MASS J04474307-1936045   ,L4:         ,15.969,0.065,14.785,0.059,14.012,0.054
72.21801589100697,-19.599131693307637,896.8,1.7,758.1,1.8,55.3,3.4,WISEPA J044853.29-193548.5,T5pec       ,16.921,0.159,16.914,,16.515,
73.36031103390425,-17.865023434640044,34.7,4.9,-24.0,3.9,37.4,5.7,2MASSI J0453264-175154    ,L2.5 (INT-G),15.142,0.035,14.06,0.035,13.466,0.035
74.44304994754873,-2.1216287824624773,93.0,3.0,-105.2,2.2,82.0,2.9,WISE J045746.08-020719.2  ,T2          ,14.897,0.04,14.198,0.046,14.022,0.055
76.70969274562574,52.6094467153173,49.8,3.3,-205.9,3.8,59.6,5.4,PSO J076.7092+52.6087     ,T4.5        ,15.746,0.071,15.354,0.106,15.596,0.199
85.10862597600763,-18.04445795236635,-94.0,3.0,-10.3,2.3,59.2,4.0,PSO J085.1080-18.0445     ,T5          ,15.992,0.084,16.164,0.204,16.255,
86.50499520877655,-9.996433458179308,-7.9,2.8,-8.7,2.1,50.4,3.6,WISE J054601.19-095947.5  ,T5          ,16.18,0.094,16.27,0.22,15.466,
87.53468220115069,16.18210574332335,242.3,4.3,-302.1,3.3,53.9,2.8,WISEA J055007.94+161051.9 ,L2          ,14.441,0.029,13.49,0.028,12.836,0.028
87.77542136827383,-12.653524808023635,-140.3,2.7,-59.4,2.2,34.5,3.4,PSO J087.7749-12.6537     ,L8          ,16.631,0.13,15.693,0.149,14.705,0.131
88.5709942683867,-0.14256153551862016,16.4,1.9,-103.8,2.0,31.7,3.4,PSO J088.5709-00.1430     ,T4.5        ,16.265,0.081,15.842,0.119,15.459,0.214
89.17464697057753,-9.450880098375764,-112.3,2.0,-115.1,2.1,44.3,2.5,PSO J089.1751-09.4513     ,T5.5        ,16.78,0.147,15.812,,16.965,
90.52900253918966,40.73315601860518,229.9,2.9,-225.7,2.9,65.1,4.2,2MASS J06020638+4043588   ,T4.5        ,15.544,0.067,15.592,0.137,15.166,0.162
91.92746643698486,45.84544828212442,106.9,3.6,-564.2,4.1,33.6,3.5,WISEA J060742.13+455037.0 ,L2.5        ,14.942,0.037,14.034,0.035,13.329,0.028
93.65975714477005,9.860309484002341,387.5,1.7,-156.2,1.5,56.7,2.0,WISE J061437.73+095135.0  ,T7          ,16.588,0.135,15.595,0.118,15.02,0.117
93.65875408448943,39.84337306321893,-31.9,1.7,-264.9,1.8,44.0,2.6,2MASS J06143818+3950357   ,L9:         ,15.027,0.036,14.73,0.025,14.546,0.074
96.42622239055906,56.773846631500795,-49.9,2.5,-22.3,2.5,44.4,3.4,WISEPA J062542.21+564625.5,T6          ,16.783,0.151,16.233,0.248,15.771,
97.2714218997873,24.302447346858038,-6.4,2.5,-352.6,2.0,33.0,3.1,WISE J062905.13+241804.9  ,T2          ,16.335,0.134,15.467,0.15,15.131,0.15
101.9625993111789,-15.771587346841542,110.8,3.9,123.2,3.2,47.6,3.9,WISEA J064750.85-154616.4 ,L9.5        ,15.314,0.05,14.292,0.05,13.739,0.056
103.09271546910297,41.460167172769765,-1.7,2.9,-38.2,2.2,45.1,3.7,PSO J103.0927+41.4601     ,T0          ,15.481,0.06,14.46,0.053,13.893,0.047
103.1268284760199,47.17640087501232,-119.6,3.2,128.0,3.9,107.2,3.3,2MASSI J0652307+471034    ,L6.5        ,13.511,0.023,12.384,0.024,11.694,0.02
108.96475511096993,-11.75784358657985,697.4,3.8,-383.3,3.0,57.9,3.7,WISEA J071552.38-114532.9 ,L4pec       ,14.301,0.04,13.487,0.049,12.805,0.042
110.81108588444148,57.452223391483074,56.0,6.5,-216.5,7.9,42.0,3.3,2MASS J07231462+5727081   ,L0.2        ,13.97,0.027,13.156,0.03,12.613,0.03
115.49109613146267,5.532587794046939,-8.7,4.4,-221.7,2.2,36.2,4.4,2MASS J07415784+0531568   ,L1.5        ,14.387,0.032,13.611,0.032,13.12,0.034
118.94968934968503,22.20482412822154,-23.1,3.7,-265.1,3.0,58.9,3.3,2MASSI J0755480+221218    ,T5          ,15.728,0.064,15.669,0.145,15.753,0.208
121.7509852259774,41.50857105510861,-11.2,2.7,-350.6,3.1,51.1,3.8,WISE J080700.23+413026.8  ,L8pec       ,15.835,0.085,14.783,0.07,14.354,0.076
122.49600415763294,44.57274020367067,-181.8,2.7,-203.4,2.5,42.4,3.6,SDSS J080959.01+443422.2  ,L5.4 (INT-G),16.437,0.114,15.184,0.098,14.417,0.059
124.99072960059473,-3.5906782205428835,-198.7,2.6,-166.5,2.2,71.7,3.3,WISEPA J081958.05-033529.0,T4          ,14.991,0.044,14.638,0.057,14.586,0.105
125.1251512756603,45.008719132744694,-116.8,3.0,-316.4,2.1,30.9,3.6,2MASSW J0820299+450031    ,L4.5::      ,16.279,0.108,15,0.087,14.218,0.066
125.381633636439,14.7229183494887,-36.0,2.7,-279.2,2.8,43.7,3.9,WISEPA J082131.63+144319.3,T5.5        ,16.825,0.155,16.515,0.24,17.089,
125.95097488166884,24.482749331599248,-160.5,3.6,43.5,2.5,42.3,3.6,2MASS J08234818+2428577   ,L1.5        ,14.986,0.043,14.06,0.044,13.377,0.03
127.2770961752432,14.939591936944955,-58.8,3.0,-246.3,3.0,38.4,3.3,2MASSW J0829066+145622    ,L1.0        ,14.75,0.03,13.801,0.036,13.166,0.033
127.56424754180284,-11.186048848222411,31.2,3.6,-1.9,2.2,42.9,3.7,PSO J127.5648-11.1861     ,T3          ,15.93,0.069,15.369,0.066,15.351,0.182
128.01646241225592,-1.4765906978400103,57.5,5.4,0.5,5.6,42.8,3.7,2MASSW J0832045-012835    ,L1:         ,14.128,0.03,13.318,0.023,12.712,0.027
128.99307680718593,5.808609861224274,-120.5,2.6,-21.1,3.2,23.9,2.1,2MASS J08355829+0548308   ,L1.7        ,14.533,0.036,13.683,0.037,13.168,0.034
130.7286171235213,-6.173012275420618,-357.8,2.2,-54.4,2.0,38.3,2.8,PSO J130.7271-06.1732     ,T4.5        ,16.04,0.076,15.68,0.111,15.127,
133.14501510274414,47.34329879315891,-50.6,2.0,-396.5,1.8,42.2,3.4,SDSS J085234.90+472035.0  ,L9.5:       ,16.182,0.109,15.419,0.146,14.718,0.116
133.80071103505728,-2.566025774505296,-150.7,2.4,93.7,2.3,20.8,3.1,PSO J133.8016-02.5658     ,T0pec       ,16.099,0.075,15.311,0.068,14.96,0.127
134.49275845534814,57.14772118737107,-396.9,2.3,-380.2,3.0,71.3,1.8,SDSSp J085758.45+570851.4 ,L8:         ,15.038,0.04,13.79,0.042,12.962,0.03
135.78469271028672,16.993338028826393,30.3,7.4,-29.8,8.5,19.2,4.6,PSO J135.7840+16.9932     ,T0pec       ,16.488,0.11,15.783,0.155,15.485,0.186
136.44405578578005,56.38662724309739,13.2,2.3,101.8,4.4,38.9,3.5,2MASS J09054654+5623117   ,L6          ,15.395,0.052,14.284,0.041,13.73,0.037
137.157752381907,50.535792487520276,-423.6,3.4,-467.5,2.9,95.2,4.0,2MASSI J0908380+503208    ,L9:         ,14.549,0.023,13.477,0.03,12.945,0.027
147.2850440129335,-15.763436319611193,-105.6,4.0,9.5,5.3,32.9,4.0,2MASS J09490860-1545485   ,T2          ,16.149,0.117,15.262,0.114,15.227,0.168
149.03471229668256,-14.785146044673567,74.0,4.7,-150.2,4.3,65.4,3.4,PSO J149.0341-14.7857     ,L9          ,16.276,0.103,15.059,0.086,14.219,0.061
149.19113290034798,-19.172956910340197,-112.3,3.8,34.2,2.9,35.0,4.8,PSO J149.1907-19.1730     ,L5pec       ,15.208,0.046,14.323,0.038,13.853,0.048
149.88896534761727,45.39195333307234,-105.0,2.6,-138.2,3.1,30.2,2.8,2MASS J09593276+4523309   ,L3 {gamma}  ,15.88,0.07,14.759,0.068,13.673,0.044
151.7997207388971,19.515695644821186,-263.2,1.7,-19.4,1.6,45.6,2.0,SDSS J100711.74+193056.2  ,L8:         ,16.871,0.157,15.755,0.149,14.997,0.101
153.17778789472743,10.351758857107496,-405.7,1.9,-545.9,1.9,59.7,1.8,ULAS J101243.54+102101.7  ,T5.5        ,15.19,0.053,14.748,0.078,14.783,0.13
154.84238013862316,-27.121388130686515,-639.7,5.9,33.1,7.5,47.8,5.8,DENIS J1019245-270717     ,M9.5        ,17.139,0.215,16.201,0.154,16.695,
159.24062914816403,-26.388453697804977,-48.2,2.8,-8.1,3.7,15.7,3.0,PSO J159.2399-26.3885     ,T1.5        ,16.811,0.173,16.006,0.135,15.302,0.175
160.78041968613556,22.423245094141713,-131.7,2.9,-11.9,3.5,52.4,2.9,2MASS J10430758+2225236   ,L9:         ,15.965,0.065,14.725,0.04,13.991,0.041
160.8962245014892,12.220886717023598,13.6,3.5,-253.9,3.2,59.9,3.1,SDSS J104335.08+121314.1  ,L9          ,15.997,0.088,14.969,0.077,14.258,0.066
161.0384192476643,4.493769458880591,-38.6,3.3,94.0,3.1,30.8,3.1,SDSS J104409.43+042937.6  ,L7          ,15.881,0.077,14.95,0.074,14.259,0.086
162.82852311438452,56.21911386219628,-229.2,3.6,-316.7,4.3,69.5,3.6,2MASS J10511900+5613086   ,L0.8        ,13.244,0.026,12.423,0.032,11.905,0.024
164.96625484671435,30.70150097739873,-233.1,2.4,-540.2,2.7,38.6,3.0,2MASS J10595185+3042059   ,T4          ,16.195,0.089,15.766,0.118,15.56,0.181
165.04006554277206,49.963077736944136,-149.3,3.9,-135.2,4.1,31.7,3.9,2MASS J11000965+4957470   ,L3          ,15.282,0.043,14.192,0.041,13.474,0.033
166.00507294417366,19.989406462587638,53.8,4.1,118.6,3.3,50.8,4.8,2MASSI J1104012+195921    ,L5.5        ,14.38,0.026,13.476,0.034,12.95,0.029
170.7324367523257,25.840480594318556,-1011.9,3.0,-323.8,3.5,62.9,2.8,WISEPC J112254.73+255021.5,T6          ,16.376,0.13,16.062,,16.824,
178.41549652750788,50.535984914288555,80.1,3.4,23.5,4.1,25.5,2.9,2MASS J11533966+5032092   ,L0.3        ,14.189,0.029,13.305,0.026,12.851,0.026
178.97485742780006,5.9994593188252665,-457.8,2.9,-69.3,3.3,46.5,3.9,SDSS J115553.86+055957.5  ,L6.8 (FLD-G),15.66,0.077,14.703,0.07,14.118,0.075
179.91037431893406,0.9574772085077384,17.3,5.8,-9.3,5.7,35.2,3.7,DENIS-P J1159+0057        ,L0.4        ,14.084,0.028,13.31,0.025,12.811,0.03
180.99279118152327,0.2640501695958251,-1224.2,3.5,-288.4,3.4,66.4,3.5,SDSSp J120358.19+001550.3 ,L5.0        ,14.006,0.026,13.056,0.024,12.476,0.024
181.12651264663185,32.21655752053216,69.4,4.2,-24.2,4.7,40.2,3.1,2MASSI J1204303+321259    ,M9          ,13.818,0.035,13.091,0.038,12.515,0.028
181.5108553743548,28.22479862776979,53.7,2.4,-74.7,2.9,34.0,2.4,SDSS J120602.51+281328.7  ,T3          ,16.541,0.109,15.815,0.126,15.817,
184.96470763235706,31.480490187145318,-253.4,3.1,-19.4,2.6,52.0,3.8,SDSS J121951.45+312849.4  ,L8          ,15.913,0.082,14.907,0.074,14.305,0.072
185.3643286856419,2.955557075036265,-144.1,3.0,-43.4,3.5,52.9,3.6,2MASS J12212770+0257198   ,M9.7 (FLD-G),13.169,0.023,12.41,0.025,11.953,0.026
186.4941909788005,-10.228122352843833,-158.8,2.6,-335.0,2.2,41.1,2.9,WISE J122558.86-101345.0  ,T6          ,16.433,0.103,16.295,0.217,15.873,
187.83913193860747,49.9899208662286,-49.4,3.9,-35.2,4.9,28.3,3.1,2MASS J12312141+4959234   ,L3.4        ,14.617,0.035,13.709,0.029,13.135,0.028
188.0745888009598,-9.863886262194782,-182.5,2.8,-122.8,2.6,34.5,4.5,2MASS J12321827-0951502   ,M9.5        ,13.727,0.027,13.074,0.021,12.554,0.03
191.6963172099856,40.45427447635449,137.2,3.7,-112.7,3.0,48.4,5.1,2MASSW J1246467+402715    ,L4.0        ,15.088,0.046,13.942,0.037,13.281,0.039
192.54731852621276,39.43265320073123,-42.4,3.4,-830.5,2.6,42.8,3.2,SDSS J125011.65+392553.9  ,T4          ,16.54,0.112,16.183,0.179,16.057,0.247
195.17743663378397,19.210011033593503,-807.4,3.0,-1253.5,3.1,67.5,3.2,2MASSW J1300425+191235    ,L3          ,12.717,0.022,12.08,0.023,11.624,0.02
201.0324043887745,19.107592792596584,-114.2,2.8,-101.8,2.8,33.6,3.9,PSO J201.0320+19.1072     ,T3.5        ,15.769,0.075,15.467,0.124,15.415,0.158
201.62452819129797,-0.642052939496361,-233.4,5.0,-107.7,5.2,47.9,2.9,SDSSp J132629.82-003831.5 ,L7          ,16.103,0.071,15.05,0.06,14.208,0.067
204.37999405403383,49.64351151128422,44.2,4.3,69.2,4.2,26.7,4.0,2MASS J13373116+4938367   ,M8.9        ,13.765,0.028,13.035,0.028,12.576,0.03
204.60707821629654,41.67610005799994,-161.0,3.2,-313.1,4.5,45.5,4.2,2MASSW J1338261+414034    ,L2.4        ,14.221,0.025,13.311,0.024,12.771,0.024
207.7479263201235,29.424392528228235,-148.8,1.5,-89.9,1.4,27.3,1.9,PSO J207.7496+29.4240     ,T0:pec      ,16.968,0.155,15.79,0.154,15.413,0.144
209.71956836714682,37.78720849134644,-27.0,2.8,-455.7,2.5,49.6,3.1,SDSS J135852.68+374711.9  ,T4.5:       ,16.46,0.088,16.142,0.17,16.099,
210.096444146632,43.63954464312272,-239.8,3.0,0.2,3.7,40.8,3.2,SDSS J140023.12+433822.3  ,L7:         ,16.301,0.093,15.094,0.082,14.487,0.077
213.102218737282,16.553309154659363,5.2,7.8,-112.5,9.4,29.0,5.9,2MASSW J1412244+163312    ,            ,13.888,0.029,13.15,0.036,12.521,0.03
213.8751978592786,57.408396699428586,51.1,3.3,-355.5,3.1,25.6,3.6,SDSS J141530.05+572428.7  ,T3:         ,16.734,0.156,15.821,,15.544,
215.3813031685651,18.46123418523441,-764.5,7.5,-150.2,8.1,34.2,6.7,2MASSW J1421314+182740    ,M8.9        ,13.231,0.021,12.428,0.021,11.943,0.02
217.1280470592613,59.39320238481076,-201.9,4.6,-124.0,5.0,44.4,5.6,2MASS J14283132+5923354   ,L4.4        ,14.781,0.037,13.875,0.038,13.265,0.028
226.26071291595966,-28.894576134843177,105.0,5.2,-443.2,4.0,37.4,10.6,PSO J226.2599-28.8959     ,T1.5        ,15.832,0.071,15.238,0.081,15.056,0.132
226.72847418444968,13.35173864486586,-1066.8,4.4,-14.3,3.8,84.3,4.1,2MASSW J1506544+132106    ,L4          ,13.365,0.023,12.38,0.021,11.741,0.019
228.7754505316943,44.613395335686484,92.9,3.4,-5.4,3.3,27.8,3.8,SDSS J151506.11+443648.3  ,L7.5:       ,16.583,0.152,15.636,0.158,14.757,0.137
229.17937504851346,30.895733196470275,-82.3,3.3,8.1,2.9,48.2,2.7,SDSS J151643.01+305344.4  ,T0.5:       ,16.848,0.154,15.868,0.161,15.081,0.092
230.77960926379802,-23.797908210202372,-159.5,5.0,-20.8,4.0,33.8,4.4,2MASS J15230657-2347526   ,L2.5        ,14.203,0.033,13.42,0.033,12.903,0.032
233.72197319148304,12.330478043238495,166.8,3.4,-46.0,5.7,46.7,4.2,SDSS J153453.33+121949.2  ,L4:         ,15.332,0.047,14.303,0.037,13.827,0.042
235.0391183621768,37.70893905773611,-203.4,5.1,-389.0,5.7,40.8,4.7,SDSS J154009.36+374230.3  ,L9:         ,16.558,0.138,15.348,0.101,14.739,0.081
236.56123799240012,49.536523413559024,159.2,3.3,-677.4,3.8,46.5,5.4,2MASS J15461461+4932114   ,T2.5:       ,15.902,0.069,15.135,0.087,14.9,
237.53641085878118,14.921659048484655,102.3,4.5,-136.3,4.5,24.7,3.0,2MASS J15500845+1455180   ,            ,14.776,0.042,13.795,0.04,13.261,0.035
237.8370898658249,43.49184424608726,24.3,3.0,-40.6,4.6,17.3,3.9,SDSS J155120.86+432930.3  ,L3.1        ,15.133,0.043,14.201,0.047,13.626,0.042
243.93285554226262,35.983456987334925,-36.0,3.8,-537.0,4.0,46.0,3.4,2MASSW J1615441+355900    ,L3.6        ,14.539,0.033,13.515,0.029,12.935,0.029
244.867955456977,0.8366945120381136,45.2,3.0,-85.2,4.2,35.7,2.8,SDSS J161928.31+005011.9  ,L1.3        ,14.391,0.036,13.665,0.04,13.186,0.04
246.10281069763167,-19.618953683457313,124.5,2.4,-123.1,3.7,43.5,3.0,PSO J246.1033-19.6194     ,T2          ,16.649,0.155,15.732,0.143,15.365,
247.59477341283832,8.30625785122185,-60.7,4.5,-106.6,3.6,45.1,4.7,SDSS J163022.92+081822.0  ,T5.5        ,16.396,0.113,16.332,0.291,16.611,
247.62726438097675,43.734331829983056,-151.4,3.1,31.4,2.7,44.7,2.6,SDSS J163030.53+434404.0  ,L7:         ,16.634,0.138,15.438,0.106,14.652,0.087
248.15243750012365,3.4908389021474395,75.8,3.1,45.9,2.9,37.4,3.1,WISE J163236.47+032927.3  ,T5          ,16.745,0.119,16.434,0.192,16.63,
249.19189518184098,-7.7232403807190435,-55.0,5.0,-133.2,3.2,32.5,5.1,WISE J163645.56-074325.1  ,T4.5        ,16.795,0.152,16.329,0.183,16.012,
251.3432526934157,30.06869675059907,-78.5,4.7,-68.2,4.2,36.9,3.9,2MASS J16452207+3004071   ,L3.0        ,15.19,0.038,14.213,0.039,13.587,0.038
251.81538937443364,56.53493926232586,-184.6,1.4,241.0,2.6,42.7,2.1,WISEPA J164715.59+563208.2,L9pec       ,16.911,0.18,15.259,0.084,14.611,0.087
254.67859771494147,51.06066638827049,-282.3,3.8,-290.4,3.9,30.2,4.5,WISE J165842.56+510335.0  ,L6pec       ,15.062,0.035,14.175,0.033,13.655,0.042
256.9397164202187,-17.747859420142454,169.9,2.8,-9.7,3.0,79.2,3.2,WISE J170745.85-174452.5  ,T5:         ,16.297,0.124,15.449,,15.845,
258.2421414298601,6.761696715968245,-193.6,2.9,-127.0,3.1,22.2,3.6,PSO J258.2413+06.7612     ,T0pec       ,16.161,0.089,15.341,0.103,14.777,0.111
260.39491450529727,11.293890252758656,-97.1,3.5,135.8,1.6,48.4,4.2,WISE J172134.46+111739.4  ,T6          ,16.456,0.148,16.24,,16.121,
263.5879717864956,50.39652522052849,-30.8,2.9,295.6,3.6,39.7,3.7,WISE J173421.02+502349.9  ,T4          ,16.337,0.107,15.845,0.142,15.371,
265.7661918218015,42.19881854499867,30.2,3.5,-519.2,6.6,54.8,4.2,WISE J174303.71+421150.0  ,T4.5        ,15.835,0.064,15.567,0.136,15.425,0.193
266.55047338131203,50.56760494224486,286.8,4.1,25.7,4.2,45.9,2.7,2MASS J17461199+5034036   ,L5.7        ,15.096,0.058,14.047,0.055,13.529,0.044
267.63689123644724,17.984453003902505,183.0,2.3,92.0,3.3,44.5,3.0,SDSSp J175032.96+175903.9 ,T3.5        ,16.34,0.101,15.952,0.132,15.478,0.189
268.72854995524665,16.822281377827903,106.8,3.5,-152.6,3.9,64.3,3.4,2MASS J17545447+1649196   ,T5.5        ,15.808,0.069,15.65,0.134,15.556,0.158
268.79507202231713,18.055686702269565,-425.9,2.3,6.6,2.6,51.5,4.8,WISE J175510.28+180320.2  ,T2.5        ,16.016,0.088,15.217,0.088,14.68,0.126
270.0048056853913,-15.989883622307193,-10.8,3.5,-298.0,3.6,70.5,5.2,2MASS J18000116-1559235   ,L4.3        ,13.431,0.024,12.521,0.03,11.981,0.03
276.82386126511125,22.43807370466285,68.2,3.2,-2.4,5.2,25.1,3.1,PSO J276.8234+22.4380     ,L9          ,16.905,0.174,15.576,0.115,14.874,0.082
282.7579626263975,59.58443979630006,36.6,3.5,424.6,5.2,35.8,5.1,WISE J185101.83+593508.6  ,L9          ,14.939,0.038,13.966,0.035,13.459,0.045
285.2765495763288,47.3038484616056,125.1,3.7,410.7,4.1,54.5,4.3,2MASS J19010601+4718136   ,T5          ,15.856,0.071,15.468,0.092,15.641,0.286
286.60336842313905,45.13645989087319,-24.7,2.6,-354.0,2.8,54.1,3.0,WISEPA J190624.75+450808.2,T6          ,16.32,0.108,16.129,0.214,16.107,
287.2842975494458,-19.629925751651744,-33.3,3.6,-154.9,4.2,49.8,4.8,DENIS-P J1909081-193748   ,            ,14.52,0.029,13.543,0.027,12.915,0.029
289.81329785059694,30.76502953831506,388.9,3.5,411.5,3.9,46.3,4.1,WISE J191915.54+304558.4  ,L9          ,15.569,0.054,14.598,0.046,13.945,0.048
307.08461511467067,0.8741078840106185,92.8,2.0,-13.0,2.5,31.0,2.1,SDSS J202820.32+005226.5  ,L2          ,14.298,0.035,13.377,0.031,12.793,0.03
316.88342271022975,-3.12599255520138,148.5,3.7,-24.3,2.7,27.8,3.5,2MASSI J2107316-030733    ,            ,14.2,0.032,13.443,0.031,12.878,0.03
321.0571072094016,0.9999222764860232,186.2,2.9,262.1,2.0,57.0,3.2,SDSS J212413.89+010000.3  ,T5          ,16.031,0.074,16.183,0.2,16.144,
323.2029350996541,-14.881702238201866,-119.8,4.0,-165.9,4.3,37.0,4.1,2MASS J21324898-1452544   ,T4          ,15.714,0.09,15.382,0.136,15.268,0.18
329.51946716330355,-15.83598422453191,39.5,3.3,-67.4,2.5,46.1,5.6,2MASS J21580457-1550098   ,L5          ,15.04,0.04,13.867,0.033,13.185,0.036
330.32070263311084,32.36845583512838,110.8,2.1,59.5,1.7,31.4,5.4,PSO J330.3214+32.3686     ,T2.5        ,16.351,0.088,15.439,0.088,15.233,
332.3409166290395,-27.19238864242822,-7.3,3.6,-137.3,4.0,40.7,3.9,2MASS J22092183-2711329   ,T2.5        ,15.786,0.071,15.138,0.108,15.097,0.148
333.90503099930515,21.182203720937263,48.8,3.0,-186.3,2.4,55.9,4.4,2MASS J22153705+2110554   ,T1pec       ,15.997,0.084,15.187,0.093,14.824,0.106
335.5829010356668,30.43300608239668,29.8,2.1,215.0,2.2,27.9,3.1,WISE J222219.93+302601.4  ,L9          ,16.552,0.108,15.598,0.099,15.176,0.144
338.4294654540254,-13.527937427367794,318.3,2.2,-5.6,2.4,18.7,4.4,WISEA J223343.53-133140.9 ,T2 (blue)   ,16.451,0.133,15.846,0.188,15.494,0.215
339.0702363416791,51.096734330741896,708.6,2.1,326.7,2.5,102.8,1.9,WISE J223617.59+510551.9  ,T5          ,14.584,0.036,14.486,0.054,14.445,0.092
341.4607310877671,-28.77991515597226,-6.4,4.5,38.3,4.3,32.1,10.4,PSO J341.4606-28.7798     ,T4          ,16.665,0.154,16.055,0.191,15.531,0.229
342.28799144601544,32.09697361412359,691.7,2.7,-172.5,2.5,49.7,3.2,2MASS J22490917+3205489   ,            ,15.482,0.06,14.353,0.051,13.588,0.046
345.3884092218002,2.2768049430161836,-66.0,2.7,-93.8,2.7,52.0,3.8,WISE J230133.32+021635.0  ,T6.5        ,16.714,0.149,16.091,,17.181,
345.8719693577328,31.839166410760665,237.5,2.1,161.7,2.1,46.5,3.3,WISEA J230329.45+315022.7 ,T2 (blue)   ,16.215,0.093,15.466,0.115,15.439,0.163
346.5289495165081,-15.940537804774596,129.0,2.4,-6.2,2.2,23.8,3.5,PSO J346.5281-15.9406     ,L7          ,16.694,0.147,15.253,0.104,14.775,0.12
347.57703001368503,-17.98593678680728,11.4,2.6,-301.4,3.2,25.5,3.3,SSSPM J2310-1759          ,L1:         ,14.376,0.032,13.578,0.032,12.969,0.026
349.7296057693901,-13.01956238447248,-796.6,3.4,-248.6,3.4,66.5,3.2,2MASS J23185497-1301106   ,T5          ,15.553,0.062,15.237,0.104,15.024,0.131
351.43906184416534,42.863570099473826,-43.8,3.4,-286.7,3.1,67.9,3.4,2MASS J23254530+4251488   ,L7.5:       ,15.493,0.05,14.452,0.045,13.764,0.046
353.63543880592374,13.220991923522265,43.2,2.1,-13.4,2.5,23.3,6.3,PSO J353.6355+13.2209     ,L8:         ,16.651,,15.782,0.153,14.762,0.097
354.37075811011533,57.794463805919776,26.1,2.8,-135.0,2.8,26.1,4.6,PSO J354.3709+57.7939     ,T2.5        ,16.595,0.138,15.767,,15.356,
354.8571353610723,35.121314733729136,168.7,3.2,-28.0,2.8,30.4,4.9,2MASS J23392527+3507165   ,L3.0 (FLD-G),15.362,0.053,14.351,0.049,13.588,0.04
356.0261225097044,-7.557846119266406,-4.2,3.1,-74.4,2.8,41.9,4.3,2MASS J23440624-0733282   ,L6.0        ,14.802,0.038,13.846,0.035,13.232,0.033
357.8328615330767,49.63365325973677,-357.4,2.8,-182.0,3.4,32.4,4.9,PSO J357.8314+49.6330     ,T0 (blue)   ,16.538,0.13,15.77,0.146,15.149,0.135
358.74973434913653,-18.872688621980373,-185.4,2.4,-52.7,3.0,40.7,3.0,DENIS J2354599-185221     ,L2.6:       ,14.178,0.029,13.44,0.032,13.039,0.03
359.31874679499765,12.46316324406184,24.3,1.7,-512.9,1.9,56.8,4.1,WISE J235716.49+122741.8  ,T6          ,16.517,0.14,15.749,,16.118,
